{
  "sequential": [
    253.11858499480877,
    258.49718500103336,
    257.1057900058804,
    265.0283890106948,
    266.6784900065977,
    264.23239001451293,
    258.22899099148344,
    264.57249000668526,
    264.6471900079632,
    253.06649001140613,
    261.7116900073597,
    261.77459100290434,
    266.2684899987653,
    468.7499820065568,
    261.9562900144956,
    263.74129000032553,
    264.87048999842955,
    265.315990014642,
    265.9086900021066,
    258.68928999989294,
    264.2782900002203,
    265.8464900086983,
    262.5939899953664,
    263.1632900083787,
    264.3623900003149,
    261.04308999492787,
    263.235190002888,
    263.16158999543404,
    264.0347970009316,
    259.27819800563157,
    265.70859701314475,
    263.92899799975567,
    265.51239799300674,
    264.00269699661294,
    265.18709801894147,
    265.0085979985306,
    263.40889699349646,
    265.79409800615394,
    286.2563980088453,
    262.9204969853163,
    265.6424979941221,
    262.00119799614185,
    266.2243969971314,
    261.1119979992509,
    267.47529800923076,
    263.35659700998804,
    260.82629799930146,
    265.81639798678225,
    260.423596992041,
    257.1422979817726,
    265.4517969931476,
    262.54239799891366,
    265.294298005756,
    260.1261970048654,
    266.109692005557,
    262.1086830185959,
    257.6375830103643,
    254.45448400569148,
    262.87578299525194,
    266.18278300156817,
    262.9205829871353,
    262.4354830113589,
    261.592782997468,
    263.55938300548587,
    265.71058399713365,
    267.9387830066844,
    265.29758200922515,
    263.13958300306695,
    266.96068302408094,
    265.15088300948264,
    265.2404840046074,
    263.35108300554566,
    266.15018200391205,
    468.20816999388626,
    263.17428299807943,
    262.6135829996201,
    261.142783005198,
    265.0621739885537,
    266.46137100760825,
    263.90657099545933,
    261.41997200465994,
    265.7670710104867,
    265.1134710031329,
    263.04067299497547,
    263.4116709959926,
    265.7795709965285,
    262.38917100272374,
    480.1021480016061,
    265.8934710052563,
    259.2633719978039,
    266.20007098972565,
    264.0009709939477,
    263.4295710013248,
    262.72867101215525,
    267.5113700024667,
    265.0843719820841,
    260.89957200019853,
    264.20307099760976,
    266.1175710018142,
    264.4680710072862
  ],
  "bjp": [
    32.31089800101472,
    31.882698996923864,
    31.861498995567672,
    34.688699000980705,
    33.90429900173331,
    33.75759800110245,
    33.863897995615844,
    35.09199900145177,
    32.26799899857724,
    32.85369899822399,
    31.657397994422354,
    34.08739800215699,
    32.30119900399586,
    34.52959900459973,
    34.13079799793195,
    31.298599002184346,
    33.92589899885934,
    34.14459800114855,
    34.572798998851795,
    33.684998998069204,
    34.59549800027162,
    34.42449899739586,
    33.93299900199054,
    34.28119800082641,
    33.35999899718445,
    34.7061990032671,
    34.147997997934,
    34.267900002305396,
    34.176399996795226,
    34.56030000234023,
    33.786300002248026,
    34.50809900095919,
    31.20150000177091,
    34.44170000148006,
    33.75149899511598,
    34.44670000317274,
    34.11010000127135,
    34.07319899997674,
    34.19779999967432,
    34.22580000187736,
    33.73949899832951,
    34.15300000051502,
    34.0137999955914,
    34.28659899509512,
    32.275099998514634,
    34.30829999706475,
    34.55169899825705,
    34.29699999833247,
    34.17079999780981,
    31.400699997902848,
    32.56400000100257,
    33.781498997996096,
    34.055299998726696,
    34.096200004569255,
    34.46229799737921,
    34.052097995299846,
    34.01169800054049,
    32.63059800519841,
    33.868196995172184,
    34.228598000481725,
    34.58109799976228,
    34.22889800276607,
    33.58569800184341,
    34.173096995800734,
    34.04279800452059,
    34.74459800054319,
    1038.9972339980886,
    34.27589799684938,
    34.21439699741313,
    34.33439799846383,
    33.93409799900837,
    34.202397997432854,
    34.31139799795346,
    32.92289799719583,
    34.579498002131004,
    34.14029799751006,
    33.753898002032656,
    34.471796003344934,
    32.747596997069195,
    31.926096002280246,
    34.26099599892041,
    34.1931970033329,
    32.51599599752808,
    34.380496996163856,
    33.97029600455426,
    34.19999699690379,
    32.130396997672506,
    33.899096997629385,
    32.31099599361187,
    34.73129600024549,
    35.03749700030312,
    34.10309599712491,
    33.94199699687306,
    32.456697001180146,
    33.843097000499256,
    33.300396004051436,
    33.896296001330484,
    34.49609699600842,
    34.51619599945843,
    32.55529700254556
  ],
  "seq_median": 264.0018339952803,
  "bjp_median": 34.09964800084708,
  "reduction_pct": 87.0835563962572
}