{
  "sequential": [
    263.65552700008266,
    265.0964989993554,
    262.6069700008884,
    263.7764310006787,
    264.09536500023023,
    265.05391599994255,
    265.333931000896,
    265.71245300056034,
    262.3997820001023,
    264.9067089996606,
    266.7286050000257,
    264.4488870009809,
    263.6041429996112,
    266.09597000060603,
    265.4803390005327,
    262.74019800030146,
    267.568348999248,
    264.7651030006273,
    265.08032000083404,
    262.38097899931745,
    265.9147610006585,
    264.41248500077563,
    262.20137100062857,
    265.04451600067114,
    262.50168499927895,
    263.81895599979543,
    262.935307999669,
    475.7355210008427,
    263.78465200014034,
    264.5991950003008,
    266.25267999952484,
    262.92870800034507,
    265.73285199992824,
    264.7338000001582,
    262.9220090002491,
    261.68614500011245,
    264.8750109997309,
    264.236474999052,
    263.49693900010607,
    264.8014069995952,
    265.4021360003753,
    264.09997099972315,
    261.9350590002796,
    263.7179520002064,
    263.8147520001439,
    262.76899999993475,
    263.66924900048616,
    264.2053750009836,
    257.9125490001388,
    264.7776049998356,
    266.5646960012964,
    265.17102699972384,
    261.79625199984,
    263.45743799993215,
    264.61659799997506,
    261.667443000988,
    265.4310359989722,
    263.25342299969634,
    476.6401610004323,
    264.6952959998998,
    264.2210709996107,
    264.1986709995763,
    265.50403699957315,
    264.8298039994188,
    264.10196500000893,
    262.9948069998136,
    263.5319350001737,
    263.22341900004176,
    262.12466300057713,
    264.9121089998516,
    265.83615499976077,
    477.1435889992972,
    262.2273680003673,
    264.0118600002097,
    263.1045139996786,
    265.32342999962566,
    262.3688749995381,
    266.3071800002399,
    473.3696909997889,
    265.4106329996466,
    264.102365000781,
    266.6720979996171,
    264.50335899880884,
    266.13174200019785,
    263.2099940005901,
    265.6752179996147,
    267.2111969995967,
    262.630261999675,
    263.9808300000368,
    265.2207950004595,
    263.7327179991189,
    265.1066910002555,
    263.3468979997815,
    266.0915420005949,
    260.82076900001994,
    260.836066999218,
    265.23149600006946,
    256.3359340001625,
    261.67870999915976,
    1276.5154970006733
  ],
  "bjp": [
    34.846288000153436,
    34.70818000005238,
    34.451068000180385,
    33.62262499967983,
    33.994358999734686,
    33.78084799987846,
    34.86720399996557,
    33.62554099976478,
    32.440578999739955,
    34.175468999819714,
    34.2532729996492,
    34.19136899992736,
    34.688194999944244,
    33.48473300002297,
    32.642188999943755,
    34.72579699973721,
    35.00751199999286,
    33.93505600024582,
    34.02836099985507,
    34.18546900002184,
    34.21517100014171,
    32.79589799967653,
    33.69924400021773,
    34.0504629998577,
    33.32422500034227,
    34.37187800000174,
    34.16106800023044,
    34.113964999960444,
    33.74294600007488,
    34.249472000283276,
    32.9598060002354,
    32.99980900010269,
    34.63999299992793,
    33.82655099994736,
    33.5232359998372,
    33.741647000169905,
    33.856051999919146,
    33.31552500003454,
    33.83755100003327,
    34.378479000224615,
    33.750846999737405,
    32.440079000025435,
    34.48178500002541,
    34.72259699992719,
    34.490385000026436,
    34.04496199982532,
    34.063062999848626,
    32.940804999725515,
    32.88120199977129,
    34.20927000024676,
    32.56418599994504,
    34.1870690003816,
    34.27627400014899,
    34.23527199993259,
    33.147515000109706,
    33.94715800004633,
    34.3089749999308,
    34.089964000031614,
    34.04406200024823,
    34.148166999784735,
    33.964858000217646,
    33.929355000054784,
    34.35957800002143,
    33.26172100014446,
    34.03526099964438,
    34.21337000008862,
    32.78649599997152,
    33.66904200038334,
    33.83155000028637,
    34.245671999997285,
    34.45848299998033,
    33.930455000245274,
    32.24016800004392,
    34.39758000013171,
    33.83154999983162,
    34.219270999983564,
    34.150067000155104,
    34.45608299989544,
    34.111564999875554,
    33.98475899984987,
    33.82534999991549,
    33.4530380000615,
    34.4783940004163,
    33.93006499982221,
    34.00206900005287,
    33.81745899969246,
    33.96806700038724,
    34.06057099982718,
    33.16262499993172,
    33.36803499996677,
    32.65149900016695,
    33.85756099987702,
    33.74795499985339,
    34.56809799990879,
    33.04461900006572,
    34.36258800002179,
    31.166020999989996,
    33.776255999782734,
    34.109973999875365,
    33.24082899962377
  ],
  "sequential_transport": [
    87.95541199924628,
    89.38378599941643,
    88.65024800070387,
    89.68900100080646,
    89.39039100005175,
    90.14676500009955,
    89.77774800041516,
    89.45692999986932,
    88.23976600024253,
    89.43872799954988,
    90.52268699997512,
    89.029608000601,
    88.35357399993882,
    89.4453270007034,
    89.21611899995696,
    88.00665500029936,
    90.78489700004866,
    89.55653600014557,
    89.8071470001014,
    87.7210409998952,
    90.01116099989304,
    89.34082200039484,
    87.73594200056323,
    89.71924300067258,
    87.8390469997612,
    88.71419100114508,
    88.31426899996586,
    298.59495400069136,
    88.40207299954272,
    89.44532999930743,
    90.34697599963692,
    87.9022500002975,
    89.84995299988441,
    89.84515099973578,
    88.50517899963961,
    87.4466289992597,
    89.1694149995601,
    88.97370499971657,
    88.064162000137,
    89.26462099998389,
    89.60063799941054,
    89.27612000024965,
    87.47972800028947,
    89.54923600003895,
    89.70364400011022,
    88.1949650010938,
    87.7416399998765,
    89.81224699982704,
    85.92634799924781,
    89.03550900049595,
    89.82565000042086,
    89.24352000076397,
    87.62333600043348,
    89.10721199981708,
    89.92735599940715,
    87.22361400077716,
    89.35202500060768,
    88.18786399979217,
    301.0107749996678,
    88.47787700051413,
    88.04635599972244,
    89.16071499970712,
    89.55603500089637,
    89.22771700054,
    88.37457200024801,
    88.58158399971217,
    88.71108900075342,
    89.67243999995844,
    87.69083599918304,
    89.44172999963484,
    89.76054300046599,
    88.87499799948273,
    87.90894700086938,
    88.59478300064438,
    89.09080900002664,
    89.79714699989927,
    88.68748999975651,
    90.38117499994769,
    298.30063500003234,
    89.44282900029066,
    89.51373199988666,
    89.98455700020713,
    87.79956799980937,
    89.85167299942987,
    89.44225300047037,
    89.80317099940294,
    89.79047100046955,
    88.07598200110078,
    88.47330400067221,
    88.7671200002842,
    89.18053799970949,
    89.4381540001632,
    88.47020099938163,
    89.784968999993,
    88.07548000049792,
    87.21573599905241,
    88.08248099967386,
    86.159581001084,
    88.04287899965857,
    88.45680199920025
  ],