{
  "sequential": [
    275.66010001464747,
    262.51950101868715,
    262.8800009988481,
    266.9379009894328,
    261.5260010206839,
    263.99230099923443,
    264.09130200045183,
    264.8466020182241,
    265.1462020148756,
    1272.9913079820108,
    264.98920100857504,
    263.045501022134,
    262.11990098818205,
    265.9612020070199,
    263.5317020176444,
    260.0566020119004,
    264.3733019940555,
    265.6096019927645,
    255.79850198118947,
    257.1111019933596,
    265.6772019836353,
    265.6143019848969,
    265.20840100420173,
    265.08960100181866,
    262.7749010134721,
    262.8507009940222,
    262.9601010121405,
    260.66560101753566,
    263.9856010209769,
    265.5258010199759,
    266.54110100935213,
    263.616701005958,
    261.24560098105576,
    265.5054009956075,
    258.57660100155044,
    263.80500102823135,
    266.24260102107655,
    264.707300986629,
    263.47010098106693,
    262.81159996869974,
    264.88130098732654,
    264.13920099730603,
    263.3639010018669,
    266.42390101915225,
    471.0305020271335,
    260.75750100426376,
    249.36500100011472,
    467.4401009979192,
    254.40690001414623,
    251.76609901245683,
    256.09460001578555,
    461.5284989995416,
    264.0594999975292,
    260.4099989985116,
    252.66370002646,
    264.6219000016572,
    263.4843989944784,
    262.3244000133127,
    262.48659897828475,
    254.61810000706464,
    252.0430999866221,
    254.64689897489734,
    252.6610999921104,
    253.90679900010582,
    256.19370001368225,
    253.63929996092338,
    253.66839897469617,
    256.591200013645,
    261.2109990150202,
    254.1851999849314,
    260.64610001049004,
    249.47049899492413,
    252.3149999906309,
    258.31680004193913,
    256.18700904306024,
    249.48631698498502,
    257.1396159910364,
    256.25851600489113,
    248.04001599841285,
    248.14751600206364,
    264.5082169910893,
    281.1171179928351,
    262.5486169854412,
    266.24921800976153,
    264.6242169867037,
    261.8069170275703,
    257.18351698014885,
    261.85731698933523,
    263.87881698610727,
    261.647018007352,
    247.68851602857467,
    250.69251599779818,
    255.10681699961424,
    255.8313170011388,
    248.5885160131147,
    251.42381602199748,
    248.4552160021849,
    257.1165159752127,
    255.7386169792153,
    247.42201599292457
  ],
  "bjp": [
    34.58370100997854,
    33.25670100457501,
    34.27950099285226,
    32.38600101030897,
    34.29590100131463,
    33.55650100274943,
    33.750100003089756,
    33.35019999940414,
    31.373400008305907,
    34.35720100242179,
    34.35790099320002,
    34.07380099815782,
    33.915400999831036,
    32.048700013547204,
    31.43869999621529,
    33.525599996210076,
    34.91020000365097,
    34.3494999979157,
    33.05299999192357,
    33.47489998850506,
    34.68240000074729,
    249.2181010020431,
    33.87800099153537,
    34.1309000068577,
    33.63040000840556,
    34.316999997827224,
    33.849600004032254,
    33.04559999378398,
    34.091900000930764,
    34.21489999163896,
    34.67310000269208,
    33.847300001070835,
    33.96250000514556,
    33.29830001166556,
    34.149600003729574,
    34.302200001548044,
    33.108500007074326,
    32.481800008099526,
    34.234901002491824,
    33.014100990840234,
    34.541200002422556,
    34.56770000047982,
    34.98989999934565,
    34.5000999950571,
    34.45389999251347,
    31.277999994927086,
    31.394699995871633,
    31.917800006340258,
    32.25150000071153,
    31.5134999982547,
    31.812100001843646,
    31.6132000007201,
    33.902700000908226,
    33.86400001181755,
    31.813399997190572,
    34.188200006610714,
    34.11809999670368,
    32.88840000459459,
    31.74120000039693,
    32.05359999265056,
    34.30500000831671,
    32.45710000919644,
    32.492400001501665,
    31.614199993782677,
    32.68390000448562,
    32.73859999899287,
    31.974300000001676,
    34.604999993462116,
    33.24900000006892,
    34.17450000415556,
    31.92989999661222,
    31.150799986789934,
    31.937899999320507,
    34.0038989961613,
    31.36290199472569,
    31.74280199164059,
    34.202202994492836,
    31.39080200344324,
    31.405201996676624,
    34.517702006269246,
    34.12310300336685,
    33.434102006140165,
    32.35080200829543,
    34.50700201210566,
    33.908903002156876,
    34.058502002153546,
    31.315301996073686,
    33.38970200275071,
    33.97770199808292,
    31.465301988646388,
    31.83600200281944,
    31.28010200452991,
    33.711201991536655,
    31.425702007254586,
    31.578102003550157,
    31.267501995898783,
    31.775702998857014,
    31.822502001887187,
    31.37970199168194,
    31.249302002834156
  ],
  "seq_median": 262.2221505007474,
  "bjp_median": 33.41190200444544,
  "reduction_pct": 87.25816947933612
}