{
  "1": {
    "seq_median": 32.48480249749264,
    "bjp_median": 32.41365300345933
  },
  "2": {
    "seq_median": 63.295655003457796,
    "bjp_median": 31.703053002274828
  },
  "4": {
    "seq_median": 131.33619349900982,
    "bjp_median": 33.56849700139719
  },
  "6": {
    "seq_median": 196.53000499965856,
    "bjp_median": 33.73754549829755
  },
  "8": {
    "seq_median": 262.4833964946447,
    "bjp_median": 33.44604899757542
  },
  "10": {
    "seq_median": 329.10225249725045,
    "bjp_median": 34.38554950116668
  },
  "12": {
    "seq_median": 395.7881020032801,
    "bjp_median": 34.64939750119811
  },
  "14": {
    "seq_median": 461.7701085007866,
    "bjp_median": 34.7542550007347
  },
  "16": {
    "seq_median": 526.9976784984465,
    "bjp_median": 35.09359950112412
  }
}