{
  "1": {
    "seq_median": 32.14115000446327,
    "bjp_median": 31.76454999629641
  },
  "2": {
    "seq_median": 66.17614899732871,
    "bjp_median": 33.07659900019644
  },
  "4": {
    "seq_median": 128.10729801276466,
    "bjp_median": 32.34704799979227
  },
  "6": {
    "seq_median": 197.11629200173775,
    "bjp_median": 33.494349001557566
  },
  "8": {
    "seq_median": 262.70878850482404,
    "bjp_median": 33.65064950048691
  },
  "10": {
    "seq_median": 318.9151504993788,
    "bjp_median": 32.14365000894759
  },
  "12": {
    "seq_median": 386.6613129939651,
    "bjp_median": 33.32145250897156
  },
  "14": {
    "seq_median": 452.7300695190206,
    "bjp_median": 33.46205149864545
  },
  "16": {
    "seq_median": 522.8620535053778,
    "bjp_median": 34.487047501897905
  }
}