{
  "1": 0.039900005504023284,
  "2": 0.07949999780976214,
  "4": 0.155850502778776,
  "8": 0.29599999834317714,
  "16": 0.5880999997316394
}