{
  "interface": "lo",
  "delay_ms_one_way": 5.0,
  "k": 8,
  "n_trials": 100,
  "loss_results": [
    {
      "loss_pct": 0.1,
      "seq_median": 264.3586424994737,
      "bjp_median": 33.27349550022518,
      "reduction_pct": 87.41350190573345,
      "seq_std": 21.057366488474653,
      "bjp_std": 36.34170870971986
    },
    {
      "loss_pct": 1.0,
      "seq_median": 264.4593029999669,
      "bjp_median": 33.21407349994843,
      "reduction_pct": 87.44076191566134,
      "seq_std": 385.9381795150535,
      "bjp_std": 160.88081808103968
    },
    {
      "loss_pct": 2.0,
      "seq_median": 472.8576479997173,
      "bjp_median": 33.18044699994971,
      "reduction_pct": 92.98299453539354,
      "seq_std": 635.0786976910641,
      "bjp_std": 176.80319442341857
    },
    {
      "loss_pct": 5.0,
      "seq_median": 1493.2076640002379,
      "bjp_median": 33.34463650003272,
      "reduction_pct": 97.76691231206891,
      "seq_std": 1347.7358152325314,
      "bjp_std": 400.84966152606665
    }
  ]
}