{
  "interface": "lo",
  "delay_ms_one_way": 5.0,
  "k": 8,
  "n_trials": 30,
  "loss_results": [
    {
      "loss_pct": 0.1,
      "seq_median": 260.0731269994867,
      "bjp_median": 32.96044850139879,
      "reduction_pct": 87.32646895061025,
      "seq_std": 4.545694077385533,
      "bjp_std": 37.765678453602824
    },
    {
      "loss_pct": 1.0,
      "seq_median": 261.01684499008115,
      "bjp_median": 31.79664949857397,
      "reduction_pct": 87.8181618892136,
      "seq_std": 360.58156312745393,
      "bjp_std": 0.9023813144223545
    },
    {
      "loss_pct": 2.0,
      "seq_median": 282.3784569991403,
      "bjp_median": 33.141101004730444,
      "reduction_pct": 88.26358732995295,
      "seq_std": 714.3255495731482,
      "bjp_std": 182.21165284323308
    },
    {
      "loss_pct": 5.0,
      "seq_median": 1198.8107049910468,
      "bjp_median": 33.092145502450876,
      "reduction_pct": 97.23958541872564,
      "seq_std": 902.8986307932917,
      "bjp_std": 590.2273061437893
    }
  ]
}