{
  "k": 8,
  "n_trials": 100,
  "fault_item_index": 3,
  "fault_mode": "zero_signature",
  "sequential": {
    "clean_median_ms": 262.18053249976947,
    "detect_median_ms": 0.050600000122358324,
    "retry_median_ms": 32.906024499880004,
    "fault_total_median_ms": 297.6536520004629,
    "overhead_pct": 13.530035644703947
  },
  "bjp": {
    "clean_median_ms": 34.34080399983941,
    "detect_median_ms": 0.007900000127847306,
    "retry_median_ms": 33.62958899970181,
    "fault_total_median_ms": 68.08604449997802,
    "overhead_pct": 98.26572639445604
  }
}