{
  "k": 8,
  "n_trials": 20,
  "fault_item_index": 3,
  "fault_mode": "zero_signature",
  "sequential": {
    "clean_median_ms": 7.738650994724594,
    "detect_median_ms": 0.023600026906933635,
    "retry_median_ms": 0.8175000039045699,
    "fault_total_median_ms": 9.643650497309864,
    "overhead_pct": 24.616687118774312
  },
  "bjp": {
    "clean_median_ms": 2.78805000561988,
    "detect_median_ms": 0.006900001608300954,
    "retry_median_ms": 2.2054500004742295,
    "fault_total_median_ms": 5.2776009979425,
    "overhead_pct": 89.29362770769626
  }
}